{"v":"5.4.1","fr":25,"ip":0,"op":56,"w":298,"h":298,"nm":"story_like_animation","ddd":0,"assets":[{"id":"comp_0","layers":[{"ddd":0,"ind":1,"ty":4,"nm":"形状图层 4","sr":1,"ks":{"o":{"a":0,"k":100,"ix":11},"r":{"a":0,"k":-101,"ix":10},"p":{"a":1,"k":[{"i":{"x":0.833,"y":1},"o":{"x":0.167,"y":0},"n":"0p833_1_0p167_0","t":0,"s":[263,530.5,0],"e":[207,541.5,0],"to":[-9.33333301544189,1.83333337306976,0],"ti":[9.33333301544189,-1.83333337306976,0]},{"t":10}],"ix":2},"a":{"a":0,"k":[-16,-237.5,0],"ix":1},"s":{"a":0,"k":[100,100,100],"ix":6}},"ao":0,"shapes":[{"ty":"gr","it":[{"ind":0,"ty":"sh","ix":1,"ks":{"a":0,"k":{"i":[[0,0],[0,0]],"o":[[0,0],[0,0]],"v":[[-16,-210],[-16,-265]],"c":false},"ix":2},"nm":"路径 1","mn":"ADBE Vector Shape - Group","hd":false},{"ty":"st","c":{"a":0,"k":[1,1,1,1],"ix":3},"o":{"a":0,"k":100,"ix":4},"w":{"a":0,"k":20,"ix":5},"lc":2,"lj":1,"ml":4,"ml2":{"a":0,"k":4,"ix":8},"nm":"描边 1","mn":"ADBE Vector Graphic - Stroke","hd":false},{"ty":"gf","o":{"a":0,"k":100,"ix":10},"r":1,"g":{"p":2,"k":{"a":0,"k":[0,1,1,1,1,0,0,0],"ix":9}},"s":{"a":0,"k":[0,0],"ix":5},"e":{"a":0,"k":[100,0],"ix":6},"t":1,"nm":"渐变填充 1","mn":"ADBE Vector Graphic - G-Fill","hd":true},{"ty":"tr","p":{"a":0,"k":[0,0],"ix":2},"a":{"a":0,"k":[0,0],"ix":1},"s":{"a":0,"k":[100,100],"ix":3},"r":{"a":0,"k":0,"ix":6},"o":{"a":0,"k":100,"ix":7},"sk":{"a":0,"k":0,"ix":4},"sa":{"a":0,"k":0,"ix":5},"nm":"Transform"}],"nm":"形状 1","np":3,"cix":2,"ix":1,"mn":"ADBE Vector Group","hd":false},{"ty":"tm","s":{"a":1,"k":[{"i":{"x":[0.49],"y":[1]},"o":{"x":[0.51],"y":[0]},"n":["0p49_1_0p51_0"],"t":0,"s":[0],"e":[100]},{"t":5}],"ix":1},"e":{"a":1,"k":[{"i":{"x":[0.49],"y":[1]},"o":{"x":[0.51],"y":[0]},"n":["0p49_1_0p51_0"],"t":0,"s":[0],"e":[0]},{"i":{"x":[0.49],"y":[1]},"o":{"x":[0.51],"y":[0]},"n":["0p49_1_0p51_0"],"t":5,"s":[0],"e":[100]},{"t":10}],"ix":2},"o":{"a":0,"k":0,"ix":3},"m":1,"ix":2,"nm":"修剪路径 1","mn":"ADBE Vector Filter - Trim","hd":false}],"ip":0,"op":125,"st":0,"bm":0},{"ddd":0,"ind":2,"ty":4,"nm":"形状图层 3","sr":1,"ks":{"o":{"a":0,"k":100,"ix":11},"r":{"a":0,"k":-48,"ix":10},"p":{"a":1,"k":[{"i":{"x":0.49,"y":1},"o":{"x":0.51,"y":0},"n":"0p49_1_0p51_0","t":0,"s":[283,455.5,0],"e":[239,421.5,0],"to":[-7.33333349227905,-5.66666650772095,0],"ti":[7.33333349227905,5.66666650772095,0]},{"t":10}],"ix":2},"a":{"a":0,"k":[-16,-237.5,0],"ix":1},"s":{"a":0,"k":[100,100,100],"ix":6}},"ao":0,"shapes":[{"ty":"gr","it":[{"ind":0,"ty":"sh","ix":1,"ks":{"a":0,"k":{"i":[[0,0],[0,0]],"o":[[0,0],[0,0]],"v":[[-16,-210],[-16,-265]],"c":false},"ix":2},"nm":"路径 1","mn":"ADBE Vector Shape - Group","hd":false},{"ty":"st","c":{"a":0,"k":[1,1,1,1],"ix":3},"o":{"a":0,"k":100,"ix":4},"w":{"a":0,"k":20,"ix":5},"lc":2,"lj":1,"ml":4,"ml2":{"a":0,"k":4,"ix":8},"nm":"描边 1","mn":"ADBE Vector Graphic - Stroke","hd":false},{"ty":"gf","o":{"a":0,"k":100,"ix":10},"r":1,"g":{"p":2,"k":{"a":0,"k":[0,1,1,1,1,0,0,0],"ix":9}},"s":{"a":0,"k":[0,0],"ix":5},"e":{"a":0,"k":[100,0],"ix":6},"t":1,"nm":"渐变填充 1","mn":"ADBE Vector Graphic - G-Fill","hd":true},{"ty":"tr","p":{"a":0,"k":[0,0],"ix":2},"a":{"a":0,"k":[0,0],"ix":1},"s":{"a":0,"k":[100,100],"ix":3},"r":{"a":0,"k":0,"ix":6},"o":{"a":0,"k":100,"ix":7},"sk":{"a":0,"k":0,"ix":4},"sa":{"a":0,"k":0,"ix":5},"nm":"Transform"}],"nm":"形状 1","np":3,"cix":2,"ix":1,"mn":"ADBE Vector Group","hd":false},{"ty":"tm","s":{"a":1,"k":[{"i":{"x":[0.49],"y":[1]},"o":{"x":[0.51],"y":[0]},"n":["0p49_1_0p51_0"],"t":0,"s":[0],"e":[100]},{"t":5}],"ix":1},"e":{"a":1,"k":[{"i":{"x":[0.49],"y":[1]},"o":{"x":[0.51],"y":[0]},"n":["0p49_1_0p51_0"],"t":0,"s":[0],"e":[0]},{"i":{"x":[0.49],"y":[1]},"o":{"x":[0.51],"y":[0]},"n":["0p49_1_0p51_0"],"t":5,"s":[0],"e":[100]},{"t":10}],"ix":2},"o":{"a":0,"k":0,"ix":3},"m":1,"ix":2,"nm":"修剪路径 1","mn":"ADBE Vector Filter - Trim","hd":false}],"ip":0,"op":125,"st":0,"bm":0},{"ddd":0,"ind":3,"ty":4,"nm":"形状图层 2","sr":1,"ks":{"o":{"a":0,"k":100,"ix":11},"r":{"a":0,"k":51,"ix":10},"p":{"a":1,"k":[{"i":{"x":0.49,"y":1},"o":{"x":0.51,"y":0},"n":"0p49_1_0p51_0","t":0,"s":[434,456.5,0],"e":[470,427.5,0],"to":[0,0,0],"ti":[0,0,0]},{"t":10}],"ix":2},"a":{"a":0,"k":[-16,-237.5,0],"ix":1},"s":{"a":0,"k":[100,100,100],"ix":6}},"ao":0,"shapes":[{"ty":"gr","it":[{"ind":0,"ty":"sh","ix":1,"ks":{"a":0,"k":{"i":[[0,0],[0,0]],"o":[[0,0],[0,0]],"v":[[-16,-210],[-16,-265]],"c":false},"ix":2},"nm":"路径 1","mn":"ADBE Vector Shape - Group","hd":false},{"ty":"st","c":{"a":0,"k":[1,1,1,1],"ix":3},"o":{"a":0,"k":100,"ix":4},"w":{"a":0,"k":20,"ix":5},"lc":2,"lj":1,"ml":4,"ml2":{"a":0,"k":4,"ix":8},"nm":"描边 1","mn":"ADBE Vector Graphic - Stroke","hd":false},{"ty":"gf","o":{"a":0,"k":100,"ix":10},"r":1,"g":{"p":2,"k":{"a":0,"k":[0,1,1,1,1,0,0,0],"ix":9}},"s":{"a":0,"k":[0,0],"ix":5},"e":{"a":0,"k":[100,0],"ix":6},"t":1,"nm":"渐变填充 1","mn":"ADBE Vector Graphic - G-Fill","hd":true},{"ty":"tr","p":{"a":0,"k":[0,0],"ix":2},"a":{"a":0,"k":[0,0],"ix":1},"s":{"a":0,"k":[100,100],"ix":3},"r":{"a":0,"k":0,"ix":6},"o":{"a":0,"k":100,"ix":7},"sk":{"a":0,"k":0,"ix":4},"sa":{"a":0,"k":0,"ix":5},"nm":"Transform"}],"nm":"形状 1","np":3,"cix":2,"ix":1,"mn":"ADBE Vector Group","hd":false},{"ty":"tm","s":{"a":1,"k":[{"i":{"x":[0.49],"y":[1]},"o":{"x":[0.51],"y":[0]},"n":["0p49_1_0p51_0"],"t":0,"s":[0],"e":[100]},{"t":5}],"ix":1},"e":{"a":1,"k":[{"i":{"x":[0.49],"y":[1]},"o":{"x":[0.51],"y":[0]},"n":["0p49_1_0p51_0"],"t":0,"s":[0],"e":[0]},{"i":{"x":[0.49],"y":[1]},"o":{"x":[0.51],"y":[0]},"n":["0p49_1_0p51_0"],"t":5,"s":[0],"e":[100]},{"t":10}],"ix":2},"o":{"a":0,"k":0,"ix":3},"m":1,"ix":2,"nm":"修剪路径 1","mn":"ADBE Vector Filter - Trim","hd":false}],"ip":0,"op":125,"st":0,"bm":0},{"ddd":0,"ind":4,"ty":4,"nm":"形状图层 1","sr":1,"ks":{"o":{"a":0,"k":100,"ix":11},"r":{"a":0,"k":0,"ix":10},"p":{"a":1,"k":[{"i":{"x":0.49,"y":1},"o":{"x":0.51,"y":0},"n":"0p49_1_0p51_0","t":0,"s":[359,430.5,0],"e":[359,382,0],"to":[0,-8.08333301544189,0],"ti":[0,8.08333301544189,0]},{"t":10}],"ix":2},"a":{"a":0,"k":[-16,-237.5,0],"ix":1},"s":{"a":0,"k":[100,100,100],"ix":6}},"ao":0,"shapes":[{"ty":"gr","it":[{"ind":0,"ty":"sh","ix":1,"ks":{"a":0,"k":{"i":[[0,0],[0,0]],"o":[[0,0],[0,0]],"v":[[-16,-210],[-16,-265]],"c":false},"ix":2},"nm":"路径 1","mn":"ADBE Vector Shape - Group","hd":false},{"ty":"st","c":{"a":0,"k":[1,1,1,1],"ix":3},"o":{"a":0,"k":100,"ix":4},"w":{"a":0,"k":20,"ix":5},"lc":2,"lj":1,"ml":4,"ml2":{"a":0,"k":4,"ix":8},"nm":"描边 1","mn":"ADBE Vector Graphic - Stroke","hd":false},{"ty":"gf","o":{"a":0,"k":100,"ix":10},"r":1,"g":{"p":2,"k":{"a":0,"k":[0,1,1,1,1,0,0,0],"ix":9}},"s":{"a":0,"k":[0,0],"ix":5},"e":{"a":0,"k":[100,0],"ix":6},"t":1,"nm":"渐变填充 1","mn":"ADBE Vector Graphic - G-Fill","hd":true},{"ty":"tr","p":{"a":0,"k":[0,0],"ix":2},"a":{"a":0,"k":[0,0],"ix":1},"s":{"a":0,"k":[100,100],"ix":3},"r":{"a":0,"k":0,"ix":6},"o":{"a":0,"k":100,"ix":7},"sk":{"a":0,"k":0,"ix":4},"sa":{"a":0,"k":0,"ix":5},"nm":"Transform"}],"nm":"形状 1","np":3,"cix":2,"ix":1,"mn":"ADBE Vector Group","hd":false},{"ty":"tm","s":{"a":1,"k":[{"i":{"x":[0.49],"y":[1]},"o":{"x":[0.51],"y":[0]},"n":["0p49_1_0p51_0"],"t":0,"s":[0],"e":[100]},{"t":5}],"ix":1},"e":{"a":1,"k":[{"i":{"x":[0.49],"y":[1]},"o":{"x":[0.51],"y":[0]},"n":["0p49_1_0p51_0"],"t":0,"s":[0],"e":[0]},{"i":{"x":[0.49],"y":[1]},"o":{"x":[0.51],"y":[0]},"n":["0p49_1_0p51_0"],"t":5,"s":[0],"e":[100]},{"t":10}],"ix":2},"o":{"a":0,"k":0,"ix":3},"m":1,"ix":2,"nm":"修剪路径 1","mn":"ADBE Vector Filter - Trim","hd":false}],"ip":0,"op":125,"st":0,"bm":0}]}],"layers":[{"ddd":0,"ind":1,"ty":0,"nm":"line_brust_out","refId":"comp_0","sr":1,"ks":{"o":{"a":0,"k":100,"ix":11},"r":{"a":0,"k":-3,"ix":10},"p":{"a":0,"k":[157,212,0],"ix":2},"a":{"a":0,"k":[375,668,0],"ix":1},"s":{"a":0,"k":[63,63,100],"ix":6}},"ao":0,"w":750,"h":1336,"ip":3,"op":128,"st":3,"bm":0},{"ddd":0,"ind":2,"ty":4,"nm":"mask","td":1,"sr":1,"ks":{"o":{"a":0,"k":100,"ix":11},"r":{"a":0,"k":0,"ix":10},"p":{"a":0,"k":[151.892,162.177,0],"ix":2},"a":{"a":0,"k":[3.574,-54.16,0],"ix":1},"s":{"a":1,"k":[{"i":{"x":[0.65,0.65,0.65],"y":[1,1,1]},"o":{"x":[0.167,0.167,0.167],"y":[0.152,0.152,15.232]},"n":["0p65_1_0p167_0p152","0p65_1_0p167_0p152","0p65_1_0p167_15p232"],"t":2,"s":[0,0,100],"e":[100,100,100]},{"t":6}],"ix":6}},"ao":0,"shapes":[{"ty":"gr","it":[{"d":1,"ty":"el","s":{"a":0,"k":[233,233],"ix":2},"p":{"a":0,"k":[0,0],"ix":3},"nm":"椭圆路径 1","mn":"ADBE Vector Shape - Ellipse","hd":false},{"ty":"gs","o":{"a":0,"k":100,"ix":9},"w":{"a":0,"k":2,"ix":10},"g":{"p":2,"k":{"a":0,"k":[0,1,1,1,1,0,0,0],"ix":8}},"s":{"a":0,"k":[0,0],"ix":4},"e":{"a":0,"k":[100,0],"ix":5},"t":1,"lc":1,"lj":1,"ml":4,"ml2":{"a":0,"k":4,"ix":13},"nm":"渐变描边 1","mn":"ADBE Vector Graphic - G-Stroke","hd":true},{"ty":"fl","c":{"a":0,"k":[1,1,1,1],"ix":4},"o":{"a":0,"k":100,"ix":5},"r":1,"nm":"填充 1","mn":"ADBE Vector Graphic - Fill","hd":false},{"ty":"tr","p":{"a":0,"k":[3.574,-54.16],"ix":2},"a":{"a":0,"k":[0,0],"ix":1},"s":{"a":0,"k":[100,100],"ix":3},"r":{"a":0,"k":0,"ix":6},"o":{"a":0,"k":100,"ix":7},"sk":{"a":0,"k":0,"ix":4},"sa":{"a":0,"k":0,"ix":5},"nm":"Transform"}],"nm":"椭圆 1","np":3,"cix":2,"ix":1,"mn":"ADBE Vector Group","hd":false}],"ip":0,"op":125,"st":0,"bm":0},{"ddd":0,"ind":3,"ty":4,"nm":"形状图层 1","tt":2,"sr":1,"ks":{"o":{"a":0,"k":100,"ix":11},"r":{"a":0,"k":0,"ix":10},"p":{"a":0,"k":[151.892,162.177,0],"ix":2},"a":{"a":0,"k":[3.574,-54.16,0],"ix":1},"s":{"a":1,"k":[{"i":{"x":[0.65,0.65,0.65],"y":[1,1,1]},"o":{"x":[0.167,0.167,0.167],"y":[0.152,0.152,15.232]},"n":["0p65_1_0p167_0p152","0p65_1_0p167_0p152","0p65_1_0p167_15p232"],"t":0,"s":[0,0,100],"e":[100,100,100]},{"t":4}],"ix":6}},"ao":0,"shapes":[{"ty":"gr","it":[{"d":1,"ty":"el","s":{"a":0,"k":[230.336,230.336],"ix":2},"p":{"a":0,"k":[0,0],"ix":3},"nm":"椭圆路径 1","mn":"ADBE Vector Shape - Ellipse","hd":false},{"ty":"gs","o":{"a":0,"k":100,"ix":9},"w":{"a":0,"k":2,"ix":10},"g":{"p":2,"k":{"a":0,"k":[0,1,1,1,1,0,0,0],"ix":8}},"s":{"a":0,"k":[0,0],"ix":4},"e":{"a":0,"k":[100,0],"ix":5},"t":1,"lc":1,"lj":1,"ml":4,"ml2":{"a":0,"k":4,"ix":13},"nm":"渐变描边 1","mn":"ADBE Vector Graphic - G-Stroke","hd":true},{"ty":"fl","c":{"a":0,"k":[1,1,1,1],"ix":4},"o":{"a":0,"k":100,"ix":5},"r":1,"nm":"填充 1","mn":"ADBE Vector Graphic - Fill","hd":false},{"ty":"tr","p":{"a":0,"k":[3.574,-54.16],"ix":2},"a":{"a":0,"k":[0,0],"ix":1},"s":{"a":0,"k":[100,100],"ix":3},"r":{"a":0,"k":0,"ix":6},"o":{"a":0,"k":100,"ix":7},"sk":{"a":0,"k":0,"ix":4},"sa":{"a":0,"k":0,"ix":5},"nm":"Transform"}],"nm":"椭圆 1","np":3,"cix":2,"ix":1,"mn":"ADBE Vector Group","hd":false}],"ip":0,"op":125,"st":0,"bm":0},{"ddd":0,"ind":4,"ty":4,"nm":"illustration_stroy_thumb_up@3x Outlines","sr":1,"ks":{"o":{"a":1,"k":[{"i":{"x":[0.46],"y":[1]},"o":{"x":[0.54],"y":[0]},"n":["0p46_1_0p54_0"],"t":19,"s":[100],"e":[100]},{"i":{"x":[0.46],"y":[1]},"o":{"x":[0.54],"y":[0]},"n":["0p46_1_0p54_0"],"t":22.5,"s":[100],"e":[0]},{"t":26}],"ix":11},"r":{"a":1,"k":[{"i":{"x":[0.46],"y":[1]},"o":{"x":[0.54],"y":[0]},"n":["0p46_1_0p54_0"],"t":2,"s":[0],"e":[-15]},{"i":{"x":[0.46],"y":[1]},"o":{"x":[0.54],"y":[0]},"n":["0p46_1_0p54_0"],"t":7,"s":[-15],"e":[15]},{"i":{"x":[0.46],"y":[1]},"o":{"x":[0.54],"y":[0]},"n":["0p46_1_0p54_0"],"t":11,"s":[15],"e":[0]},{"t":16}],"ix":10},"p":{"a":0,"k":[163.848,176.074,0],"ix":2},"a":{"a":0,"k":[52.848,51.574,0],"ix":1},"s":{"a":1,"k":[{"i":{"x":[0.46,0.46,0.46],"y":[1,1,1]},"o":{"x":[0.54,0.54,0.54],"y":[0,0,0]},"n":["0p46_1_0p54_0","0p46_1_0p54_0","0p46_1_0p54_0"],"t":2,"s":[0,0,100],"e":[200,200,100]},{"i":{"x":[0.46,0.46,0.46],"y":[1,1,1]},"o":{"x":[0.54,0.54,0.54],"y":[0,0,0]},"n":["0p46_1_0p54_0","0p46_1_0p54_0","0p46_1_0p54_0"],"t":7,"s":[200,200,100],"e":[200,200,100]},{"i":{"x":[0.46,0.46,0.46],"y":[1,1,1]},"o":{"x":[0.54,0.54,0.54],"y":[0,0,0]},"n":["0p46_1_0p54_0","0p46_1_0p54_0","0p46_1_0p54_0"],"t":19,"s":[200,200,100],"e":[180,180,100]},{"i":{"x":[0.46,0.46,0.46],"y":[1,1,1]},"o":{"x":[0.54,0.54,0.54],"y":[0,0,0]},"n":["0p46_1_0p54_0","0p46_1_0p54_0","0p46_1_0p54_0"],"t":22.5,"s":[180,180,100],"e":[30,30,100]},{"t":26}],"ix":6}},"ao":0,"shapes":[{"ty":"gr","it":[{"ind":0,"ty":"sh","ix":1,"ks":{"a":0,"k":{"i":[[0,0],[0,0],[-6.432,1.594]],"o":[[0,0],[0,0],[5.946,-1.474]],"v":[[59.812,50.705],[50.032,53.326],[57.091,59.252]],"c":true},"ix":2},"nm":"Path 1","mn":"ADBE Vector Shape - Group","hd":false},{"ty":"st","c":{"a":0,"k":[1,1,1,1],"ix":3},"o":{"a":0,"k":100,"ix":4},"w":{"a":0,"k":6,"ix":5},"lc":1,"lj":1,"ml":4,"ml2":{"a":0,"k":4,"ix":8},"nm":"Stroke 1","mn":"ADBE Vector Graphic - Stroke","hd":true},{"ty":"fl","c":{"a":0,"k":[0.964430147059,0.531470743815,0.531470743815,1],"ix":4},"o":{"a":0,"k":100,"ix":5},"r":1,"nm":"Fill 1","mn":"ADBE Vector Graphic - Fill","hd":false},{"ty":"tr","p":{"a":0,"k":[-0.5,-2],"ix":2},"a":{"a":0,"k":[0,0],"ix":1},"s":{"a":0,"k":[100,100],"ix":3},"r":{"a":0,"k":0,"ix":6},"o":{"a":0,"k":100,"ix":7},"sk":{"a":0,"k":0,"ix":4},"sa":{"a":0,"k":0,"ix":5},"nm":"Transform"}],"nm":"Shape 1","np":3,"cix":2,"ix":1,"mn":"ADBE Vector Group","hd":false},{"ty":"gr","it":[{"d":1,"ty":"el","s":{"a":0,"k":[6.666,6.666],"ix":2},"p":{"a":0,"k":[0,0],"ix":3},"nm":"Ellipse Path 1","mn":"ADBE Vector Shape - Ellipse","hd":false},{"ty":"st","c":{"a":0,"k":[1,1,1,1],"ix":3},"o":{"a":0,"k":100,"ix":4},"w":{"a":0,"k":6,"ix":5},"lc":1,"lj":1,"ml":4,"ml2":{"a":0,"k":4,"ix":8},"nm":"Stroke 1","mn":"ADBE Vector Graphic - Stroke","hd":true},{"ty":"fl","c":{"a":0,"k":[0.081617647059,0.075695598827,0.074456098968,1],"ix":4},"o":{"a":0,"k":100,"ix":5},"r":1,"nm":"Fill 1","mn":"ADBE Vector Graphic - Fill","hd":false},{"ty":"tr","p":{"a":0,"k":[58.287,40.471],"ix":2},"a":{"a":0,"k":[0,0],"ix":1},"s":{"a":0,"k":[100,100],"ix":3},"r":{"a":0,"k":0,"ix":6},"o":{"a":0,"k":100,"ix":7},"sk":{"a":0,"k":0,"ix":4},"sa":{"a":0,"k":0,"ix":5},"nm":"Transform"}],"nm":"Ellipse 2","np":3,"cix":2,"ix":2,"mn":"ADBE Vector Group","hd":false},{"ty":"gr","it":[{"d":1,"ty":"el","s":{"a":0,"k":[6.666,6.666],"ix":2},"p":{"a":0,"k":[0,0],"ix":3},"nm":"Ellipse Path 1","mn":"ADBE Vector Shape - Ellipse","hd":false},{"ty":"st","c":{"a":0,"k":[1,1,1,1],"ix":3},"o":{"a":0,"k":100,"ix":4},"w":{"a":0,"k":6,"ix":5},"lc":1,"lj":1,"ml":4,"ml2":{"a":0,"k":4,"ix":8},"nm":"Stroke 1","mn":"ADBE Vector Graphic - Stroke","hd":true},{"ty":"fl","c":{"a":0,"k":[0.081617647059,0.075695598827,0.074456098968,1],"ix":4},"o":{"a":0,"k":100,"ix":5},"r":1,"nm":"Fill 1","mn":"ADBE Vector Graphic - Fill","hd":false},{"ty":"tr","p":{"a":0,"k":[44.03,44.011],"ix":2},"a":{"a":0,"k":[0,0],"ix":1},"s":{"a":0,"k":[100,100],"ix":3},"r":{"a":0,"k":0,"ix":6},"o":{"a":0,"k":100,"ix":7},"sk":{"a":0,"k":0,"ix":4},"sa":{"a":0,"k":0,"ix":5},"nm":"Transform"}],"nm":"Ellipse 1","np":3,"cix":2,"ix":3,"mn":"ADBE Vector Group","hd":false},{"ty":"gr","it":[{"ind":0,"ty":"sh","ix":1,"ks":{"a":0,"k":{"i":[[0,0],[0,0],[2.727,4.185],[0,0],[-5.031,3.277],[-0.461,0.215],[0,0]],"o":[[0,0],[-4.719,1.639],[0,0],[-3.278,-5.031],[0.426,-0.279],[4.398,-2.055],[0,0]],"v":[[3.948,32.305],[-9.407,36.945],[-22.083,32.611],[-32.398,16.781],[-29.224,1.738],[-27.891,0.997],[-16.773,-4.974]],"c":true},"ix":2},"nm":"Path 1","mn":"ADBE Vector Shape - Group","hd":false},{"ty":"fl","c":{"a":0,"k":[0.011764706817,0.662745098039,0.956862804936,1],"ix":4},"o":{"a":0,"k":100,"ix":5},"r":1,"nm":"Fill 1","mn":"ADBE Vector Graphic - Fill","hd":false},{"ty":"tr","p":{"a":0,"k":[42.698,43.388],"ix":2},"a":{"a":0,"k":[0,0],"ix":1},"s":{"a":0,"k":[100,100],"ix":3},"r":{"a":0,"k":0,"ix":6},"o":{"a":0,"k":100,"ix":7},"sk":{"a":0,"k":0,"ix":4},"sa":{"a":0,"k":0,"ix":5},"nm":"Transform"}],"nm":"Group 4","np":4,"cix":2,"ix":4,"mn":"ADBE Vector Group","hd":false},{"ty":"gr","it":[{"ind":0,"ty":"sh","ix":1,"ks":{"a":0,"k":{"i":[[0,0],[0,0],[-0.85,-7.109],[0,0],[6.823,-2.71],[0,0],[2.727,4.185],[0,0],[-5.031,3.277],[-0.461,0.215],[0.99,5.475],[0.527,3.472],[-5.254,2.344],[-2.977,-5.918]],"o":[[0,0],[6.857,-2.692],[0,0],[0.262,4.017],[0,0],[-4.719,1.639],[0,0],[-3.278,-5.031],[0.426,-0.279],[14.898,-6.961],[-0.479,-2.648],[-0.523,-3.432],[5.254,-2.343],[0.959,1.933]],"v":[[12.244,-16.271],[19.33,-19.087],[33.677,-11.943],[35.414,12.076],[28.25,23.863],[-9.407,36.945],[-22.083,32.611],[-32.398,16.781],[-29.224,1.738],[-27.891,0.997],[-7.03,-17.656],[-8.47,-26.089],[-4.037,-36.242],[9.123,-30.544]],"c":true},"ix":2},"nm":"Path 1","mn":"ADBE Vector Shape - Group","hd":false},{"ty":"op","nm":"Offset Paths 1","a":{"a":0,"k":0,"ix":1},"lj":1,"ml":{"a":0,"k":8,"ix":3},"ix":4,"mn":"ADBE Vector Filter - Offset","hd":false},{"ty":"st","c":{"a":0,"k":[0.02821691148,0.027407318354,0.027407318354,1],"ix":3},"o":{"a":0,"k":20,"ix":4},"w":{"a":0,"k":10,"ix":5},"lc":1,"lj":1,"ml":4,"ml2":{"a":0,"k":4,"ix":8},"nm":"Stroke 1","mn":"ADBE Vector Graphic - Stroke","hd":true},{"ty":"fl","c":{"a":0,"k":[1,1,1,1],"ix":4},"o":{"a":0,"k":100,"ix":5},"r":1,"nm":"Fill 1","mn":"ADBE Vector Graphic - Fill","hd":false},{"ty":"tr","p":{"a":0,"k":[42.698,43.388],"ix":2},"a":{"a":0,"k":[0,0],"ix":1},"s":{"a":0,"k":[100,100],"ix":3},"r":{"a":0,"k":0,"ix":6},"o":{"a":0,"k":100,"ix":7},"sk":{"a":0,"k":0,"ix":4},"sa":{"a":0,"k":0,"ix":5},"nm":"Transform"}],"nm":"Group 3","np":6,"cix":2,"ix":5,"mn":"ADBE Vector Group","hd":false}],"ip":0,"op":125,"st":0,"bm":0},{"ddd":0,"ind":5,"ty":4,"nm":"bg 2","parent":4,"sr":1,"ks":{"o":{"a":1,"k":[{"i":{"x":[0.46],"y":[1]},"o":{"x":[0.54],"y":[0]},"n":["0p46_1_0p54_0"],"t":19,"s":[100],"e":[100]},{"i":{"x":[0.46],"y":[1]},"o":{"x":[0.54],"y":[0]},"n":["0p46_1_0p54_0"],"t":22.5,"s":[100],"e":[0]},{"t":26}],"ix":11},"r":{"a":1,"k":[{"i":{"x":[0.46],"y":[1]},"o":{"x":[0.54],"y":[0]},"n":["0p46_1_0p54_0"],"t":2,"s":[0],"e":[-15]},{"i":{"x":[0.46],"y":[1]},"o":{"x":[0.54],"y":[0]},"n":["0p46_1_0p54_0"],"t":7,"s":[-15],"e":[15]},{"i":{"x":[0.46],"y":[1]},"o":{"x":[0.54],"y":[0]},"n":["0p46_1_0p54_0"],"t":11,"s":[15],"e":[0]},{"i":{"x":[0.833],"y":[1]},"o":{"x":[0.54],"y":[0]},"n":["0p833_1_0p54_0"],"t":16,"s":[0],"e":[3]},{"t":27}],"ix":10},"p":{"a":0,"k":[52.848,51.574,0],"ix":2},"a":{"a":0,"k":[52.848,51.574,0],"ix":1},"s":{"a":1,"k":[{"i":{"x":[0.46,0.46,0.46],"y":[1,1,1]},"o":{"x":[0.54,0.54,0.54],"y":[0,0,0]},"n":["0p46_1_0p54_0","0p46_1_0p54_0","0p46_1_0p54_0"],"t":2,"s":[0,0,100],"e":[100,100,100]},{"i":{"x":[0.757,0.757,0.757],"y":[1,1,1]},"o":{"x":[0.451,0.451,0.451],"y":[0,0,0]},"n":["0p757_1_0p451_0","0p757_1_0p451_0","0p757_1_0p451_0"],"t":7,"s":[100,100,100],"e":[110,110,100]},{"i":{"x":[0.415,0.415,0.415],"y":[1,1,1]},"o":{"x":[0.315,0.315,0.315],"y":[0,0,0]},"n":["0p415_1_0p315_0","0p415_1_0p315_0","0p415_1_0p315_0"],"t":11,"s":[110,110,100],"e":[100,100,100]},{"i":{"x":[0.46,0.46,0.46],"y":[1,1,1]},"o":{"x":[0.54,0.54,0.54],"y":[0,0,0]},"n":["0p46_1_0p54_0","0p46_1_0p54_0","0p46_1_0p54_0"],"t":19,"s":[100,100,100],"e":[90,90,100]},{"i":{"x":[0.46,0.46,0.46],"y":[1,1,1]},"o":{"x":[0.54,0.54,0.54],"y":[0,0,0]},"n":["0p46_1_0p54_0","0p46_1_0p54_0","0p46_1_0p54_0"],"t":22.5,"s":[90,90,100],"e":[15,15,100]},{"t":26}],"ix":6}},"ao":0,"shapes":[{"ty":"gr","it":[{"ind":0,"ty":"sh","ix":1,"ks":{"a":0,"k":{"i":[[0,0],[0,0],[-0.85,-7.109],[0,0],[6.823,-2.71],[0,0],[2.727,4.185],[0,0],[-5.031,3.277],[-0.461,0.215],[0.99,5.475],[0.527,3.472],[-5.254,2.344],[-2.977,-5.918]],"o":[[0,0],[6.857,-2.692],[0,0],[0.262,4.017],[0,0],[-4.719,1.639],[0,0],[-3.278,-5.031],[0.426,-0.279],[14.898,-6.961],[-0.479,-2.648],[-0.523,-3.432],[5.254,-2.343],[0.959,1.933]],"v":[[12.244,-16.271],[19.33,-19.087],[33.677,-11.943],[35.414,12.076],[28.25,23.863],[-9.407,36.945],[-22.083,32.611],[-32.398,16.781],[-29.224,1.738],[-27.891,0.997],[-7.03,-17.656],[-8.47,-26.089],[-4.037,-36.242],[9.123,-30.544]],"c":true},"ix":2},"nm":"Path 1","mn":"ADBE Vector Shape - Group","hd":false},{"ty":"op","nm":"Offset Paths 1","a":{"a":0,"k":0,"ix":1},"lj":1,"ml":{"a":0,"k":8,"ix":3},"ix":4,"mn":"ADBE Vector Filter - Offset","hd":false},{"ty":"st","c":{"a":0,"k":[0.02821691148,0.027407318354,0.027407318354,1],"ix":3},"o":{"a":0,"k":20,"ix":4},"w":{"a":0,"k":10,"ix":5},"lc":1,"lj":1,"ml":4,"ml2":{"a":0,"k":4,"ix":8},"nm":"Stroke 1","mn":"ADBE Vector Graphic - Stroke","hd":true},{"ty":"fl","c":{"a":0,"k":[0.966620710784,0.426238146015,0.415137526568,1],"ix":4},"o":{"a":0,"k":100,"ix":5},"r":1,"nm":"Fill 1","mn":"ADBE Vector Graphic - Fill","hd":false},{"ty":"tr","p":{"a":0,"k":[42.698,43.388],"ix":2},"a":{"a":0,"k":[0,0],"ix":1},"s":{"a":0,"k":[100,100],"ix":3},"r":{"a":0,"k":0,"ix":6},"o":{"a":0,"k":100,"ix":7},"sk":{"a":0,"k":0,"ix":4},"sa":{"a":0,"k":0,"ix":5},"nm":"Transform"}],"nm":"Group 3","np":6,"cix":2,"ix":1,"mn":"ADBE Vector Group","hd":false}],"ip":0,"op":125,"st":0,"bm":0},{"ddd":0,"ind":6,"ty":4,"nm":"bg","parent":4,"sr":1,"ks":{"o":{"a":1,"k":[{"i":{"x":[0.46],"y":[1]},"o":{"x":[0.54],"y":[0]},"n":["0p46_1_0p54_0"],"t":19,"s":[100],"e":[100]},{"i":{"x":[0.46],"y":[1]},"o":{"x":[0.54],"y":[0]},"n":["0p46_1_0p54_0"],"t":22.5,"s":[100],"e":[0]},{"t":26}],"ix":11},"r":{"a":1,"k":[{"i":{"x":[0.588],"y":[0.891]},"o":{"x":[0.577],"y":[0]},"n":["0p588_0p891_0p577_0"],"t":2,"s":[0],"e":[-29.141]},{"i":{"x":[0.46],"y":[1]},"o":{"x":[0.281],"y":[-0.052]},"n":["0p46_1_0p281_-0p052"],"t":6,"s":[-29.141],"e":[23]},{"i":{"x":[0.46],"y":[1]},"o":{"x":[0.54],"y":[0]},"n":["0p46_1_0p54_0"],"t":11,"s":[23],"e":[0]},{"i":{"x":[0.833],"y":[1]},"o":{"x":[0.54],"y":[0]},"n":["0p833_1_0p54_0"],"t":16,"s":[0],"e":[3]},{"t":27}],"ix":10},"p":{"a":0,"k":[52.848,51.574,0],"ix":2},"a":{"a":0,"k":[52.848,51.574,0],"ix":1},"s":{"a":1,"k":[{"i":{"x":[0.46,0.46,0.46],"y":[1,1,1]},"o":{"x":[0.54,0.54,0.54],"y":[0,0,0]},"n":["0p46_1_0p54_0","0p46_1_0p54_0","0p46_1_0p54_0"],"t":2,"s":[0,0,100],"e":[100,100,100]},{"i":{"x":[0.757,0.757,0.757],"y":[1,1,1]},"o":{"x":[0.451,0.451,0.451],"y":[0,0,0]},"n":["0p757_1_0p451_0","0p757_1_0p451_0","0p757_1_0p451_0"],"t":7,"s":[100,100,100],"e":[110,110,100]},{"i":{"x":[0.415,0.415,0.415],"y":[1,1,1]},"o":{"x":[0.315,0.315,0.315],"y":[0,0,0]},"n":["0p415_1_0p315_0","0p415_1_0p315_0","0p415_1_0p315_0"],"t":11,"s":[110,110,100],"e":[100,100,100]},{"i":{"x":[0.46,0.46,0.46],"y":[1,1,1]},"o":{"x":[0.54,0.54,0.54],"y":[0,0,0]},"n":["0p46_1_0p54_0","0p46_1_0p54_0","0p46_1_0p54_0"],"t":19,"s":[100,100,100],"e":[90,90,100]},{"i":{"x":[0.46,0.46,0.46],"y":[1,1,1]},"o":{"x":[0.54,0.54,0.54],"y":[0,0,0]},"n":["0p46_1_0p54_0","0p46_1_0p54_0","0p46_1_0p54_0"],"t":22.5,"s":[90,90,100],"e":[15,15,100]},{"t":26}],"ix":6}},"ao":0,"shapes":[{"ty":"gr","it":[{"ind":0,"ty":"sh","ix":1,"ks":{"a":0,"k":{"i":[[0,0],[0,0],[-0.85,-7.109],[0,0],[6.823,-2.71],[0,0],[2.727,4.185],[0,0],[-5.031,3.277],[-0.461,0.215],[0.99,5.475],[0.527,3.472],[-5.254,2.344],[-2.977,-5.918]],"o":[[0,0],[6.857,-2.692],[0,0],[0.262,4.017],[0,0],[-4.719,1.639],[0,0],[-3.278,-5.031],[0.426,-0.279],[14.898,-6.961],[-0.479,-2.648],[-0.523,-3.432],[5.254,-2.343],[0.959,1.933]],"v":[[12.244,-16.271],[19.33,-19.087],[33.677,-11.943],[35.414,12.076],[28.25,23.863],[-9.407,36.945],[-22.083,32.611],[-32.398,16.781],[-29.224,1.738],[-27.891,0.997],[-7.03,-17.656],[-8.47,-26.089],[-4.037,-36.242],[9.123,-30.544]],"c":true},"ix":2},"nm":"Path 1","mn":"ADBE Vector Shape - Group","hd":false},{"ty":"op","nm":"Offset Paths 1","a":{"a":0,"k":0,"ix":1},"lj":1,"ml":{"a":0,"k":8,"ix":3},"ix":4,"mn":"ADBE Vector Filter - Offset","hd":false},{"ty":"st","c":{"a":0,"k":[0.02821691148,0.027407318354,0.027407318354,1],"ix":3},"o":{"a":0,"k":20,"ix":4},"w":{"a":0,"k":10,"ix":5},"lc":1,"lj":1,"ml":4,"ml2":{"a":0,"k":4,"ix":8},"nm":"Stroke 1","mn":"ADBE Vector Graphic - Stroke","hd":true},{"ty":"fl","c":{"a":0,"k":[0.286940211876,0.960437490426,0.98137254902,1],"ix":4},"o":{"a":0,"k":100,"ix":5},"r":1,"nm":"Fill 1","mn":"ADBE Vector Graphic - Fill","hd":false},{"ty":"tr","p":{"a":0,"k":[42.698,43.388],"ix":2},"a":{"a":0,"k":[0,0],"ix":1},"s":{"a":0,"k":[100,100],"ix":3},"r":{"a":0,"k":0,"ix":6},"o":{"a":0,"k":100,"ix":7},"sk":{"a":0,"k":0,"ix":4},"sa":{"a":0,"k":0,"ix":5},"nm":"Transform"}],"nm":"Group 3","np":6,"cix":2,"ix":1,"mn":"ADBE Vector Group","hd":false}],"ip":0,"op":125,"st":0,"bm":0}],"markers":[]}